"Method";"Accuracy";"Kappa";"AccuracyLower";"AccuracyUpper";"AccuracyNull";"AccuracyPValue";"McnemarPValue";"Sensitivity";"Specificity";"Pos Pred Value";"Neg Pred Value";"Precision";"Recall";"F1";"Prevalence";"Detection Rate";"Detection Prevalence";"Balanced Accuracy"
"knn";"0.527050158203226";"0.0249781012955163";"0.519973019113588";"0.534119136370365";"0.736189636391929";"1";"0";"0.491348800629178";"0.539843584865779";"0.276744186046512";"0.74758513025661";"0.276744186046512";"0.491348800629178";"0.354066307735902";"0.263810363608071";"0.129622905752373";"0.468385289693449";"0.515596192747478"
"rf";"0.533482027076093";"0.0538346577658811";"0.526409423007583";"0.540544529715245";"0.609730795165724";"1";"1.03249893148614e-56";"0.502392344497608";"0.55338153977031";"0.418604651162791";"0.634696067909064";"0.418604651162791";"0.502392344497608";"0.456687205509243";"0.390269204834276";"0.196068260801909";"0.468385289693449";"0.527886942133959"
"glm";"0.531977799678407";"0.0169445410474175";"0.524904029783297";"0.539041921974394";"0.878157580787385";"1";"0";"0.501489995742869";"0.536207914943887";"0.130454042081949";"0.8857449507269";"0.130454042081949";"0.501489995742869";"0.207048071007997";"0.121842419212615";"0.0611027542922351";"0.468385289693449";"0.518848955343378"
"lda";"0.531977799678407";"0.0169039066817227";"0.524904029783297";"0.539041921974394";"0.878468800248976";"1";"0";"0.501493811352966";"0.536195087387813";"0.130121816168328";"0.886037662210947";"0.130121816168328";"0.501493811352966";"0.206629737096632";"0.121531199751024";"0.0609471445614399";"0.468385289693449";"0.51884444937039"
"qda";"0.531251620934696";"0.0127396155712974";"0.524177311229852";"0.538316502130414";"0.898594325431817";"1";"0";"0.498209718670077";"0.534980374047564";"0.107862679955703";"0.904283344716558";"0.107862679955703";"0.498209718670077";"0.177332726445152";"0.101405674568183";"0.0505212925981638";"0.468385289693449";"0.51659504635882"
"rpart";"0.531614710306551";"0";"0.524540668634679";"0.538679213924337";"1";"1";"0";NA;"0.531614710306551";NA;NA;"0";NA;NA;"0";"0";"0.468385289693449";NA
"xgbTree";"0.541988692359562";"0.0620911920689412";"0.534923892510882";"0.549040824263618";"0.684527205767934";"1";"6.73587473480461e-216";"0.516441959881618";"0.553762218686065";"0.347840531561462";"0.713045175139038";"0.347840531561462";"0.516441959881618";"0.41569613552144";"0.315472794232066";"0.162923388142539";"0.468385289693449";"0.535102089283841"
